{
  "orderDetails": [
    {
      "id": 11667,
      "sku": "1",
      "amount": 25,
      "productName": "Test Book 1",
      "username": "Rohit",
      "billAddress": "New delhi",
      "shipAddress": "New delhi",
      "status": "Order Confirmed",
      "paymentStatus": "Success"
    },
    {
      "id": 11647,
      "sku": "2",
      "amount": 55,
      "productName": "Temprory name...",
      "username": "Abhishek",
      "billAddress": "Mayur vihar phase 3, new delhi 110096",
      "shipAddress": "Mayur vihar phase 3, new delhi 110096",
      "status": "Order Confirmed",
      "paymentStatus": "Success"
    },
    {
      "id": 36843,
      "sku": "2",
      "amount": 550,
      "productName": "Temprory name...",
      "username": "Abhishek",
      "billAddress": "Mayur vihar phase 3, new delhi 110096",
      "shipAddress": "Mayur vihar phase 3, new delhi 110096",
      "status": "Order Confirmed",
      "paymentStatus": "Success"
    },
    {
      "id": 10266,
      "sku": "1",
      "amount": 800,
      "productName": "Temprory name...",
      "username": "Abhishek",
      "billAddress": "12 H, Anand vihar, delhi ",
      "shipAddress": "12 H, Anand vihar, delhi ",
      "status": "Order Confirmed",
      "paymentStatus": "Success"
    },
    {
      "id": 14195,
      "sku": "5",
      "amount": 940,
      "productName": "Temprory name...",
      "username": "Abhishek",
      "billAddress": "22-H, pocket 2, Mayur vihar phase 2, new delhi",
      "shipAddress": "22-H, pocket 2, Mayur vihar phase 2, new delhi",
      "status": "Order Confirmed",
      "paymentStatus": "Success"
    },
    {
      "id": 92804,
      "sku": "2",
      "amount": 1800,
      "productName": "Temprory name...",
      "username": "Abhishek",
      "billAddress": "542 W. 15th Street, New york",
      "shipAddress": "542 W. 15th Street, New york",
      "status": "Order Confirmed",
      "paymentStatus": "Success"
    },
    {
      "id": 75627,
      "sku": "2",
      "amount": 550,
      "productName": "Temprory name...",
      "username": "Abhishek",
      "billAddress": "",
      "shipAddress": "",
      "status": "Order Confirmed",
      "paymentStatus": "Success"
    },
    {
      "id": 14754,
      "sku": "5",
      "amount": 390,
      "productName": "Temprory name...",
      "username": "Abhishek",
      "billAddress": "21-A, Mayur vihar phase 3",
      "shipAddress": "21-A, Mayur vihar phase 3",
      "status": "Order Confirmed",
      "paymentStatus": "Success"
    }
  ]
}