﻿{
  "products": [{
    "id": 1,
    "type":1,
    "name": "There's Always Room for One More Hardcover",
    "vedioUrl": "",
    "imageUrl": "../assets/img/book05.jpeg",
    "price": 250,
    "membership": 1,
    "originalPrice": 400,
    "description": "More adventures await Beaver, Hedgehog, Bear, and Badger when industrious Beaver builds a boat for himself. When he learns that all of his friends want to come along for a ride, he must fashion a raft large enough to fit everyone. As each friend climbs aboard, the raft sinks deeper into the water. When the raft reaches a precarious balance, Butterfly lands softly on it, tipping it over. Everyone gets drenched but learns a valuable lesson."
},
{
  "id": 2,
  "type":1,
  "name": "THE HOUSE OF SOULS",
  "vedioUrl": "",
  "imageUrl": "../assets/img/book04.jpeg",
  "price": 550,
  "membership": 1,
  "originalPrice": 800,
  "description": "Pulp. Condition: Very Good. Illustrated by Sidney Sime (illustrator). First Edition; First Printing. The House of Souls by Arthur Machen. Illustrated by Sidney Sime. Boston, Dana Ester & Company, 1906. First American edition. Pictorial gray cloth with cover design by Sime in black, gold and light green. Frontispiece also by Sime. Small previous owners signature to front paste-down, lite spot to read board and few small spots to tail of book block, some general wear to extremities with corners bumped."
},
{
  "id": 3,
  "type":1,
  "name": "The Hugo Awards",
  "vedioUrl": "",
  "imageUrl": "../assets/img/book03.jpeg",
  "price": 350,
  "membership": 1,
  "originalPrice": 600,
  "description": "It's been nearly 25 years since Robert Kiyosaki’s Rich Dad Poor Dad first made waves in the Personal Finance arena. It has since become the #1 Personal Finance book of all time... translated into dozens of languages and sold around the world. Rich Dad Poor Dad is Robert's story of growing up with two dads — his real father and the father of his best friend, his rich dad — and the ways in which both men shaped his thoughts about money and investing. The book explodes the myth that you need to earn a high income to be rich and explains the difference between working for money and having your money work for you."
},
{
  "id": 4,
  "type":1,
  "name": "World’s Greatest Books",
  "vedioUrl": "",
  "imageUrl": "../assets/img/hero-11.jpg",
  "price": 390,
  "membership": 1,
  "originalPrice": 500,
  "description": "It's been nearly 25 years since Robert Kiyosaki’s Rich Dad Poor Dad first made waves in the Personal Finance arena. It has since become the #1 Personal Finance book of all time... translated into dozens of languages and sold around the world. Rich Dad Poor Dad is Robert's story of growing up with two dads — his real father and the father of his best friend, his rich dad — and the ways in which both men shaped his thoughts about money and investing. The book explodes the myth that you need to earn a high income to be rich and explains the difference between working for money and having your money work for you."
},
{
  "id": 5,
  "type":1,
  "name": "Perfect Motivational Gift Set",
  "vedioUrl": "",
  "imageUrl": "../assets/img/book02.jpeg",
  "price": 390,
  "membership": 1,
  "originalPrice": 500,
  "description": "It's been nearly 25 years since Robert Kiyosaki’s Rich Dad Poor Dad first made waves in the Personal Finance arena. It has since become the #1 Personal Finance book of all time... translated into dozens of languages and sold around the world. Rich Dad Poor Dad is Robert's story of growing up with two dads — his real father and the father of his best friend, his rich dad — and the ways in which both men shaped his thoughts about money and investing. The book explodes the myth that you need to earn a high income to be rich and explains the difference between working for money and having your money work for you."
},
{
  "id": 6,
  "type":2,
  "name": "Comprehensive First Aid Training",
  "vedioUrl": "https://www.youtube.com/embed/tgbNymZ7vqY",
  "imageUrl": "../assets/img/hero-1.jpg",
  "price": 700,
  "membership": 1,
  "originalPrice": 900,
  "description": "It's been nearly 25 years since Robert Kiyosaki’s Rich Dad Poor Dad first made waves in the Personal Finance arena. It has since become the #1 Personal Finance book of all time... translated into dozens of languages and sold around the world. Rich Dad Poor Dad is Robert's story of growing up with two dads — his real father and the father of his best friend, his rich dad — and the ways in which both men shaped his thoughts about money and investing. The book explodes the myth that you need to earn a high income to be rich and explains the difference between working for money and having your money work for you."
}]
}
